decimalLatitude,decimalLongitude,coordinateUncertaintyInMeters,scientificName,acronymName,speciesShort,source
53.63121,35.88146,50,Aporrectodea caliginosa,Ac,A.c.,GBIFwithoutInat
53.62363,35.87014,50,Aporrectodea caliginosa,Ac,A.c.,GBIFwithoutInat
53.63121,35.88146,50,Dendrobaena octaedra,Do,D.o.,GBIFwithoutInat
53.62363,35.87014,50,Lumbricus rubellus,Lr,L.r.,GBIFwithoutInat
53.63121,35.88146,50,Lumbricus rubellus,Lr,L.r.,GBIFwithoutInat
53.62363,35.87014,50,Octolasion lacteum,Ol,O.l.,GBIFwithoutInat
53.63121,35.88146,50,Octolasion lacteum,Ol,O.l.,GBIFwithoutInat
53.894,35.86468,50,Aporrectodea caliginosa,Ac,A.c.,GBIFwithoutInat
53.62309,35.869,50,Aporrectodea caliginosa,Ac,A.c.,GBIFwithoutInat
53.6148,35.86794,50,Aporrectodea caliginosa,Ac,A.c.,GBIFwithoutInat
53.91861,35.73266,50,Lumbricus rubellus,Lr,L.r.,GBIFwithoutInat
53.76148,35.73751,50,Dendrobaena octaedra,Do,D.o.,GBIFwithoutInat
53.88742,35.81388,50,Aporrectodea caliginosa,Ac,A.c.,GBIFwithoutInat
53.77853,35.73524,50,Aporrectodea caliginosa,Ac,A.c.,GBIFwithoutInat
53.6148,35.86794,50,Dendrobaena octaedra,Do,D.o.,GBIFwithoutInat
53.91861,35.73266,50,Aporrectodea caliginosa,Ac,A.c.,GBIFwithoutInat
53.90408,35.8332,50,Octolasion lacteum,Ol,O.l.,GBIFwithoutInat
53.92215,35.73175,50,Dendrobaena octaedra,Do,D.o.,GBIFwithoutInat
53.62309,35.869,50,Octolasion lacteum,Ol,O.l.,GBIFwithoutInat
53.62309,35.869,50,Dendrobaena octaedra,Do,D.o.,GBIFwithoutInat
53.91861,35.73266,50,Octolasion lacteum,Ol,O.l.,GBIFwithoutInat
53.62363,35.87014,50,Dendrobaena octaedra,Do,D.o.,GBIFwithoutInat
53.6148,35.86794,50,Octolasion lacteum,Ol,O.l.,GBIFwithoutInat
53.92215,35.73175,50,Aporrectodea caliginosa,Ac,A.c.,GBIFwithoutInat
53.77853,35.73524,50,Lumbricus terrestris,Lt,L.t.,GBIFwithoutInat
53.90408,35.8332,50,Aporrectodea caliginosa,Ac,A.c.,GBIFwithoutInat
53.894,35.86468,50,Lumbricus rubellus,Lr,L.r.,GBIFwithoutInat
53.90408,35.8332,50,Lumbricus rubellus,Lr,L.r.,GBIFwithoutInat
53.61943,35.87607,50,Dendrobaena octaedra,Do,D.o.,GBIFwithoutInat
53.61943,35.87607,50,Aporrectodea caliginosa,Ac,A.c.,GBIFwithoutInat
53.894,35.86468,50,Dendrobaena octaedra,Do,D.o.,GBIFwithoutInat
53.76148,35.73751,50,Octolasion lacteum,Ol,O.l.,GBIFwithoutInat
53.91861,35.73266,50,Dendrobaena octaedra,Do,D.o.,GBIFwithoutInat
53.63121,35.88146,50,Lumbricus terrestris,Lt,L.t.,GBIFwithoutInat
53.90408,35.8332,50,Dendrobaena octaedra,Do,D.o.,GBIFwithoutInat
53.6148,35.86794,50,Lumbricus terrestris,Lt,L.t.,GBIFwithoutInat
53.894,35.86468,50,Octolasion lacteum,Ol,O.l.,GBIFwithoutInat
53.6148,35.86794,50,Lumbricus rubellus,Lr,L.r.,GBIFwithoutInat
53.76148,35.73751,50,Aporrectodea caliginosa,Ac,A.c.,GBIFwithoutInat
53.88742,35.81388,50,Octolasion lacteum,Ol,O.l.,GBIFwithoutInat
53.88742,35.81388,50,Lumbricus terrestris,Lt,L.t.,GBIFwithoutInat
53.61943,35.87607,50,Octolasion lacteum,Ol,O.l.,GBIFwithoutInat
53.76148,35.73751,50,Lumbricus rubellus,Lr,L.r.,GBIFwithoutInat
53.91861,35.73266,50,Lumbricus terrestris,Lt,L.t.,GBIFwithoutInat
53.92215,35.73175,50,Lumbricus rubellus,Lr,L.r.,GBIFwithoutInat
53.62309,35.869,50,Lumbricus rubellus,Lr,L.r.,GBIFwithoutInat
53.88742,35.81388,50,Dendrobaena octaedra,Do,D.o.,GBIFwithoutInat
53.88742,35.81388,50,Lumbricus rubellus,Lr,L.r.,GBIFwithoutInat
53.77853,35.73524,50,Dendrobaena octaedra,Do,D.o.,GBIFwithoutInat
53.894,35.86468,50,Lumbricus terrestris,Lt,L.t.,GBIFwithoutInat
53.92215,35.73175,50,Octolasion lacteum,Ol,O.l.,GBIFwithoutInat
53.77853,35.73524,50,Octolasion lacteum,Ol,O.l.,GBIFwithoutInat
53.61943,35.87607,50,Lumbricus rubellus,Lr,L.r.,GBIFwithoutInat
54.85844,37.63119,10,Dendrobaena octaedra,Do,D.o.,GBIFwithoutInat
54.90749,37.56639,10,Lumbricus rubellus,Lr,L.r.,GBIFwithoutInat
54.90749,37.56639,10,Dendrobaena octaedra,Do,D.o.,GBIFwithoutInat
54.87642,37.62268,10,Lumbricus rubellus,Lr,L.r.,GBIFwithoutInat
54.87642,37.62268,10,Dendrobaena octaedra,Do,D.o.,GBIFwithoutInat
54.87504,37.6235,10,Dendrobaena octaedra,Do,D.o.,GBIFwithoutInat
54.8633,37.5641,300,Dendrobaena octaedra,Do,D.o.,GBIFwithoutInat
69.0592,35.756283,NA,Dendrobaena octaedra,Do,D.o.,GBIFwithoutInat
67.5166,64.05,30,Dendrobaena octaedra,Do,D.o.,GBIFwithoutInat
67.5292,64.1372,30,Aporrectodea caliginosa,Ac,A.c.,GBIFwithoutInat
67.5844,64.1525,30,Lumbricus rubellus,Lr,L.r.,GBIFwithoutInat
67.5167,64.1167,30,Dendrobaena octaedra,Do,D.o.,GBIFwithoutInat
67.5167,64.1167,30,Octolasion lacteum,Ol,O.l.,GBIFwithoutInat
67.5292,64.1372,30,Dendrobaena octaedra,Do,D.o.,GBIFwithoutInat
67.5166,64.05,30,Octolasion lacteum,Ol,O.l.,GBIFwithoutInat
67.4308,63.8392,30,Dendrobaena octaedra,Do,D.o.,GBIFwithoutInat
61.7,30.7,25000,Aporrectodea caliginosa,Ac,A.c.,GBIFwithoutInat
60.5,29.45,10000,Dendrobaena octaedra,Do,D.o.,GBIFwithoutInat
62.373799,30.959596,10000,Aporrectodea caliginosa,Ac,A.c.,GBIFwithoutInat
62.457664,31.164746,10000,Lumbricus rubellus,Lr,L.r.,GBIFwithoutInat
61.03,30.13,10000,Dendrobaena octaedra,Do,D.o.,GBIFwithoutInat
61.644391,29.690164,100000,Aporrectodea caliginosa,Ac,A.c.,GBIFwithoutInat
60.26,29.83,1000,Lumbricus rubellus,Lr,L.r.,GBIFwithoutInat
61.644391,29.690164,100000,Lumbricus rubellus,Lr,L.r.,GBIFwithoutInat
61.644391,29.690164,100000,Dendrobaena octaedra,Do,D.o.,GBIFwithoutInat
61.6,30.7,2000,Lumbricus rubellus,Lr,L.r.,GBIFwithoutInat
60.17,29.87,2000,Dendrobaena octaedra,Do,D.o.,GBIFwithoutInat
61.6,30.7,2000,Dendrobaena octaedra,Do,D.o.,GBIFwithoutInat
61.03,30.13,10000,Lumbricus rubellus,Lr,L.r.,GBIFwithoutInat
62.373799,30.959596,10000,Dendrobaena octaedra,Do,D.o.,GBIFwithoutInat
62.457664,31.164746,10000,Dendrobaena octaedra,Do,D.o.,GBIFwithoutInat
61.7,30.7,25000,Lumbricus rubellus,Lr,L.r.,GBIFwithoutInat
64.005831,30.370602,10000,Dendrobaena octaedra,Do,D.o.,GBIFwithoutInat
64.26,35.42,NA,Lumbricus rubellus,Lr,L.r.,GBIFwithoutInat
61.79,34.39,1000,Lumbricus rubellus,Lr,L.r.,GBIFwithoutInat
55.41753,55.53072,5000,Aporrectodea caliginosa,Ac,A.c.,GBIFwithoutInat
67.1631,60.8517,30,Dendrobaena octaedra,Do,D.o.,GBIFwithoutInat
67.1661,60.8519,30,Dendrobaena octaedra,Do,D.o.,GBIFwithoutInat
67.1655,60.8522,30,Dendrobaena octaedra,Do,D.o.,GBIFwithoutInat
67.1652,60.8578,30,Dendrobaena octaedra,Do,D.o.,GBIFwithoutInat
67.165,60.8552,30,Dendrobaena octaedra,Do,D.o.,GBIFwithoutInat
67.1658,60.8525,30,Dendrobaena octaedra,Do,D.o.,GBIFwithoutInat
57.76251,40.92858,5000,Aporrectodea caliginosa,Ac,A.c.,GBIFwithoutInat
56.48913,32.95598,2000,Aporrectodea caliginosa,Ac,A.c.,GBIFwithoutInat
51.913,44.6794,100,Aporrectodea caliginosa,Ac,A.c.,GBIFwithoutInat
51.46086,45.93461,5000,Aporrectodea caliginosa,Ac,A.c.,GBIFwithoutInat
50.708,47.0814,100,Aporrectodea caliginosa,Ac,A.c.,GBIFwithoutInat
51.3049,45.407,100,Aporrectodea caliginosa,Ac,A.c.,GBIFwithoutInat
61.8369,50.7144,30,Lumbricus rubellus,Lr,L.r.,GBIFwithoutInat
61.8369,50.7144,30,Dendrobaena octaedra,Do,D.o.,GBIFwithoutInat
61.8733,50.7247,30,Lumbricus rubellus,Lr,L.r.,GBIFwithoutInat
61.8547,50.7186,30,Lumbricus rubellus,Lr,L.r.,GBIFwithoutInat
61.8547,50.7186,30,Dendrobaena octaedra,Do,D.o.,GBIFwithoutInat
61.8803,50.7269,30,Lumbricus rubellus,Lr,L.r.,GBIFwithoutInat
61.8514,50.6753,30,Lumbricus rubellus,Lr,L.r.,GBIFwithoutInat
61.8547,50.7186,30,Aporrectodea caliginosa,Ac,A.c.,GBIFwithoutInat
62.2667,50.6825,30,Dendrobaena octaedra,Do,D.o.,GBIFwithoutInat
61.9133,50.6836,30,Lumbricus rubellus,Lr,L.r.,GBIFwithoutInat
61.9133,50.6836,30,Dendrobaena octaedra,Do,D.o.,GBIFwithoutInat
61.8514,50.6753,30,Dendrobaena octaedra,Do,D.o.,GBIFwithoutInat
62.2667,50.6825,30,Lumbricus rubellus,Lr,L.r.,GBIFwithoutInat
61.8803,50.7269,30,Octolasion lacteum,Ol,O.l.,GBIFwithoutInat
61.8803,50.7269,30,Dendrobaena octaedra,Do,D.o.,GBIFwithoutInat
61.8733,50.7247,30,Dendrobaena octaedra,Do,D.o.,GBIFwithoutInat
61.8725,50.6569,30,Dendrobaena octaedra,Do,D.o.,GBIFwithoutInat
61.9367,50.6819,30,Dendrobaena octaedra,Do,D.o.,GBIFwithoutInat
62.0322,50.7214,30,Dendrobaena octaedra,Do,D.o.,GBIFwithoutInat
61.9358,50.6864,30,Dendrobaena octaedra,Do,D.o.,GBIFwithoutInat
61.8369,50.7144,30,Octolasion lacteum,Ol,O.l.,GBIFwithoutInat
67.66666,33.63333,5000,Aporrectodea caliginosa,Ac,A.c.,GBIFwithoutInat
67.63333,33.65,5000,Aporrectodea caliginosa,Ac,A.c.,GBIFwithoutInat
59.90223,30.25742,100,Aporrectodea caliginosa,Ac,A.c.,GBIFwithoutInat
62.15046,58.65167,200,Aporrectodea caliginosa,Ac,A.c.,GBIFwithoutInat
55.9666,37.80715,150,Aporrectodea caliginosa,Ac,A.c.,GBIFwithoutInat
59.96691,30.24872,100,Aporrectodea caliginosa,Ac,A.c.,GBIFwithoutInat
58.80066,43.99207,50,Aporrectodea caliginosa,Ac,A.c.,GBIFwithoutInat
56.11678,37.81087,2000,Aporrectodea caliginosa,Ac,A.c.,GBIFwithoutInat
55.578,37.3272,50,Aporrectodea caliginosa,Ac,A.c.,GBIFwithoutInat
56.93253,41.0932,5000,Aporrectodea caliginosa,Ac,A.c.,GBIFwithoutInat
58.43007,42.291715,5000,Aporrectodea caliginosa,Ac,A.c.,GBIFwithoutInat
56.55833,40.12001,5000,Aporrectodea caliginosa,Ac,A.c.,GBIFwithoutInat
56.97257,40.8619,5000,Aporrectodea caliginosa,Ac,A.c.,GBIFwithoutInat
55.84085,37.60543,1000,Aporrectodea caliginosa,Ac,A.c.,GBIFwithoutInat
56.85441,41.38462,5000,Aporrectodea caliginosa,Ac,A.c.,GBIFwithoutInat
54.73277,39.86103,300,Aporrectodea caliginosa,Ac,A.c.,GBIFwithoutInat
62.37869,53.78515,3000,Aporrectodea caliginosa,Ac,A.c.,GBIFwithoutInat
53.58985,35.77142,100,Aporrectodea caliginosa,Ac,A.c.,GBIFwithoutInat
56.0349,37.17849,500,Aporrectodea caliginosa,Ac,A.c.,GBIFwithoutInat
53.55518,35.70013,100,Aporrectodea caliginosa,Ac,A.c.,GBIFwithoutInat
55.90327,48.72892,5000,Aporrectodea caliginosa,Ac,A.c.,GBIFwithoutInat
67.58333,33.61666,5000,Aporrectodea caliginosa,Ac,A.c.,GBIFwithoutInat
55.70767,37.52615,300,Aporrectodea caliginosa,Ac,A.c.,GBIFwithoutInat
51.91046,39.66899,500,Aporrectodea caliginosa,Ac,A.c.,GBIFwithoutInat
55.89792,48.81253,2000,Aporrectodea caliginosa,Ac,A.c.,GBIFwithoutInat
60.95275,49.44798,3000,Aporrectodea caliginosa,Ac,A.c.,GBIFwithoutInat
55.49086,46.95342,5000,Aporrectodea caliginosa,Ac,A.c.,GBIFwithoutInat
63.50431,53.40847,1000,Aporrectodea caliginosa,Ac,A.c.,GBIFwithoutInat
61.59899,50.78423,3000,Aporrectodea caliginosa,Ac,A.c.,GBIFwithoutInat
55.30357,49.290715,3000,Aporrectodea caliginosa,Ac,A.c.,GBIFwithoutInat
61.66879,50.83649,5000,Aporrectodea caliginosa,Ac,A.c.,GBIFwithoutInat
52.44011,36.35469,5000,Aporrectodea caliginosa,Ac,A.c.,GBIFwithoutInat
54.07451,43.24596,5000,Aporrectodea caliginosa,Ac,A.c.,GBIFwithoutInat
53.21262,34.41875,3000,Aporrectodea caliginosa,Ac,A.c.,GBIFwithoutInat
54.12364,37.56005,10000,Aporrectodea caliginosa,Ac,A.c.,GBIFwithoutInat
53.03436,37.3421,5000,Aporrectodea caliginosa,Ac,A.c.,GBIFwithoutInat
56.65721,47.27359,2000,Aporrectodea caliginosa,Ac,A.c.,GBIFwithoutInat
50.61838,35.96528,2000,Aporrectodea caliginosa,Ac,A.c.,GBIFwithoutInat
55.86835,37.4214,1000,Aporrectodea caliginosa,Ac,A.c.,GBIFwithoutInat
67.64805,33.6625,50,Aporrectodea caliginosa,Ac,A.c.,GBIFwithoutInat
51.57333,36.10805,500,Aporrectodea caliginosa,Ac,A.c.,GBIFwithoutInat
64,59.511389,NA,Dendrobaena octaedra,Do,D.o.,GBIFwithoutInat
60.482778,57.006667,NA,Dendrobaena octaedra,Do,D.o.,GBIFwithoutInat
60.363889,56.508333,NA,Aporrectodea caliginosa,Ac,A.c.,GBIFwithoutInat
60.430556,56.466667,NA,Aporrectodea caliginosa,Ac,A.c.,GBIFwithoutInat
60.366667,56.5,NA,Octolasion lacteum,Ol,O.l.,GBIFwithoutInat
60.363889,56.508333,NA,Lumbricus terrestris,Lt,L.t.,GBIFwithoutInat
58.766667,56.176389,NA,Dendrobaena octaedra,Do,D.o.,GBIFwithoutInat
60.366667,56.5,NA,Dendrobaena octaedra,Do,D.o.,GBIFwithoutInat
60.3875,56.176389,NA,Dendrobaena octaedra,Do,D.o.,GBIFwithoutInat
62.1486,59.1301,15,Dendrobaena octaedra,Do,D.o.,GBIFwithoutInat
61.8232,56.8237,15,Dendrobaena octaedra,Do,D.o.,GBIFwithoutInat
60.9531,49.448,15,Dendrobaena octaedra,Do,D.o.,GBIFwithoutInat
68.1523,54.9801,15,Dendrobaena octaedra,Do,D.o.,GBIFwithoutInat
62.8833,58.8833,15,Dendrobaena octaedra,Do,D.o.,GBIFwithoutInat
60.3331,49.6177,15,Dendrobaena octaedra,Do,D.o.,GBIFwithoutInat
68.0833,53.9167,15,Dendrobaena octaedra,Do,D.o.,GBIFwithoutInat
62.073,59.2001,15,Dendrobaena octaedra,Do,D.o.,GBIFwithoutInat
60.4408,51.0049,15,Dendrobaena octaedra,Do,D.o.,GBIFwithoutInat
67.1812,56.5107,15,Dendrobaena octaedra,Do,D.o.,GBIFwithoutInat
64.8528,57.646,15,Dendrobaena octaedra,Do,D.o.,GBIFwithoutInat
63.4588,48.8968,15,Dendrobaena octaedra,Do,D.o.,GBIFwithoutInat
61.9536,50.6424,15,Dendrobaena octaedra,Do,D.o.,GBIFwithoutInat
65.9167,61.7333,15,Dendrobaena octaedra,Do,D.o.,GBIFwithoutInat
60.54,48.79,3000,Dendrobaena octaedra,Do,D.o.,GBIFwithoutInat
66.9833,61.6517,15,Dendrobaena octaedra,Do,D.o.,GBIFwithoutInat
62.2878,50.6804,15,Dendrobaena octaedra,Do,D.o.,GBIFwithoutInat
63.1333,58.9872,15,Dendrobaena octaedra,Do,D.o.,GBIFwithoutInat
65.3344,60.6522,15,Dendrobaena octaedra,Do,D.o.,GBIFwithoutInat
64.2513,58.8199,15,Dendrobaena octaedra,Do,D.o.,GBIFwithoutInat
62.9901,59.3001,15,Dendrobaena octaedra,Do,D.o.,GBIFwithoutInat
64.2261,48.7052,15,Dendrobaena octaedra,Do,D.o.,GBIFwithoutInat
62.3582,50.0822,15,Dendrobaena octaedra,Do,D.o.,GBIFwithoutInat
67.9503,60.2608,15,Dendrobaena octaedra,Do,D.o.,GBIFwithoutInat
67.6499,53.0313,15,Dendrobaena octaedra,Do,D.o.,GBIFwithoutInat
68.4833,59.9867,15,Dendrobaena octaedra,Do,D.o.,GBIFwithoutInat
57.9333,48.1761,15,Dendrobaena octaedra,Do,D.o.,GBIFwithoutInat
59.9851,50.3003,15,Dendrobaena octaedra,Do,D.o.,GBIFwithoutInat
62.3667,58.9867,15,Aporrectodea caliginosa,Ac,A.c.,GBIFwithoutInat
65.8952,57.8806,15,Aporrectodea caliginosa,Ac,A.c.,GBIFwithoutInat
61.627,50.7685,15,Aporrectodea caliginosa,Ac,A.c.,GBIFwithoutInat
63.505,53.4081,15,Aporrectodea caliginosa,Ac,A.c.,GBIFwithoutInat
61.1333,50.5501,15,Aporrectodea caliginosa,Ac,A.c.,GBIFwithoutInat
62.6333,53.9003,15,Aporrectodea caliginosa,Ac,A.c.,GBIFwithoutInat
60.3314,51.5484,15,Aporrectodea caliginosa,Ac,A.c.,GBIFwithoutInat
61.6017,50.7981,15,Aporrectodea caliginosa,Ac,A.c.,GBIFwithoutInat
61.9833,50.8501,15,Aporrectodea caliginosa,Ac,A.c.,GBIFwithoutInat
63.4269,53.981,15,Dendrobaena octaedra,Do,D.o.,GBIFwithoutInat
62.5369,56.4022,15,Dendrobaena octaedra,Do,D.o.,GBIFwithoutInat
67.0515,63.0829,15,Dendrobaena octaedra,Do,D.o.,GBIFwithoutInat
67.9333,54.0833,15,Dendrobaena octaedra,Do,D.o.,GBIFwithoutInat
65.1155,57.1616,15,Dendrobaena octaedra,Do,D.o.,GBIFwithoutInat
66.35,62.7502,15,Dendrobaena octaedra,Do,D.o.,GBIFwithoutInat
62.5167,58.2007,15,Dendrobaena octaedra,Do,D.o.,GBIFwithoutInat
67.165,60.8531,15,Dendrobaena octaedra,Do,D.o.,GBIFwithoutInat
60.4408,51.0049,15,Aporrectodea caliginosa,Ac,A.c.,GBIFwithoutInat
64.8528,57.646,15,Aporrectodea caliginosa,Ac,A.c.,GBIFwithoutInat
63.4588,48.8968,15,Aporrectodea caliginosa,Ac,A.c.,GBIFwithoutInat
57.9333,48.1761,15,Aporrectodea caliginosa,Ac,A.c.,GBIFwithoutInat
61.9501,50.7833,15,Aporrectodea caliginosa,Ac,A.c.,GBIFwithoutInat
65.1155,57.1616,15,Aporrectodea caliginosa,Ac,A.c.,GBIFwithoutInat
63.5998,53.8804,15,Aporrectodea caliginosa,Ac,A.c.,GBIFwithoutInat
61.6863,53.6902,15,Aporrectodea caliginosa,Ac,A.c.,GBIFwithoutInat
61.669,50.8351,15,Aporrectodea caliginosa,Ac,A.c.,GBIFwithoutInat
60.9531,49.448,15,Aporrectodea caliginosa,Ac,A.c.,GBIFwithoutInat
63.612,53.2874,15,Dendrobaena octaedra,Do,D.o.,GBIFwithoutInat
66.6758,62.5677,15,Dendrobaena octaedra,Do,D.o.,GBIFwithoutInat
63.56,53.68,3000,Dendrobaena octaedra,Do,D.o.,GBIFwithoutInat
61.6004,54.9833,15,Dendrobaena octaedra,Do,D.o.,GBIFwithoutInat
61.669,50.8351,15,Dendrobaena octaedra,Do,D.o.,GBIFwithoutInat
65.9957,57.5571,15,Dendrobaena octaedra,Do,D.o.,GBIFwithoutInat
63.5998,53.8804,15,Dendrobaena octaedra,Do,D.o.,GBIFwithoutInat
62.1486,59.1301,15,Aporrectodea caliginosa,Ac,A.c.,GBIFwithoutInat
61.8081,57.8791,15,Dendrobaena octaedra,Do,D.o.,GBIFwithoutInat
61.6863,53.6902,15,Dendrobaena octaedra,Do,D.o.,GBIFwithoutInat
62.3667,58.9867,15,Dendrobaena octaedra,Do,D.o.,GBIFwithoutInat
67.0167,61.6333,15,Dendrobaena octaedra,Do,D.o.,GBIFwithoutInat
62.0093,50.5796,15,Dendrobaena octaedra,Do,D.o.,GBIFwithoutInat
65.8952,57.8806,15,Dendrobaena octaedra,Do,D.o.,GBIFwithoutInat
62.1708,49.8701,15,Dendrobaena octaedra,Do,D.o.,GBIFwithoutInat
63.5329,55.4546,15,Dendrobaena octaedra,Do,D.o.,GBIFwithoutInat
61.0741,50.0771,15,Dendrobaena octaedra,Do,D.o.,GBIFwithoutInat
63.505,53.4081,15,Dendrobaena octaedra,Do,D.o.,GBIFwithoutInat
61.7593,51.2735,15,Dendrobaena octaedra,Do,D.o.,GBIFwithoutInat
67.4951,64.0401,15,Dendrobaena octaedra,Do,D.o.,GBIFwithoutInat
67.5898,63.8221,15,Dendrobaena octaedra,Do,D.o.,GBIFwithoutInat
61.627,50.7685,15,Dendrobaena octaedra,Do,D.o.,GBIFwithoutInat
62.6333,53.9003,15,Dendrobaena octaedra,Do,D.o.,GBIFwithoutInat
61.6017,50.7981,15,Dendrobaena octaedra,Do,D.o.,GBIFwithoutInat
63.5483,47.826,15,Dendrobaena octaedra,Do,D.o.,GBIFwithoutInat
66.9083,52.3275,15,Dendrobaena octaedra,Do,D.o.,GBIFwithoutInat
62.0903,49.5888,15,Dendrobaena octaedra,Do,D.o.,GBIFwithoutInat
67.151,49.8512,15,Dendrobaena octaedra,Do,D.o.,GBIFwithoutInat
66.0398,60.1316,15,Dendrobaena octaedra,Do,D.o.,GBIFwithoutInat
60.3314,51.5484,15,Dendrobaena octaedra,Do,D.o.,GBIFwithoutInat
62.1019,50.3658,15,Dendrobaena octaedra,Do,D.o.,GBIFwithoutInat
61.7667,50.9011,15,Dendrobaena octaedra,Do,D.o.,GBIFwithoutInat
61.8376,51.8204,15,Dendrobaena octaedra,Do,D.o.,GBIFwithoutInat
61.9333,57.9966,15,Dendrobaena octaedra,Do,D.o.,GBIFwithoutInat
62.2878,50.6804,15,Lumbricus rubellus,Lr,L.r.,GBIFwithoutInat
65.9167,61.7333,15,Lumbricus rubellus,Lr,L.r.,GBIFwithoutInat
64.8528,57.646,15,Lumbricus rubellus,Lr,L.r.,GBIFwithoutInat
66.9833,61.6517,15,Lumbricus rubellus,Lr,L.r.,GBIFwithoutInat
63.1333,58.9872,15,Lumbricus rubellus,Lr,L.r.,GBIFwithoutInat
65.3344,60.6522,15,Lumbricus rubellus,Lr,L.r.,GBIFwithoutInat
62.3582,50.0822,15,Lumbricus rubellus,Lr,L.r.,GBIFwithoutInat
64.2513,58.8199,15,Lumbricus rubellus,Lr,L.r.,GBIFwithoutInat
60.3331,49.6177,15,Lumbricus rubellus,Lr,L.r.,GBIFwithoutInat
57.9333,48.1761,15,Lumbricus rubellus,Lr,L.r.,GBIFwithoutInat
66.35,62.7502,15,Lumbricus rubellus,Lr,L.r.,GBIFwithoutInat
62.5167,58.2007,15,Lumbricus rubellus,Lr,L.r.,GBIFwithoutInat
65.1155,57.1616,15,Lumbricus rubellus,Lr,L.r.,GBIFwithoutInat
61.8158,51.5652,15,Lumbricus rubellus,Lr,L.r.,GBIFwithoutInat
63.4269,53.981,15,Lumbricus rubellus,Lr,L.r.,GBIFwithoutInat
61.9501,50.7833,15,Lumbricus rubellus,Lr,L.r.,GBIFwithoutInat
61.8376,51.8204,15,Lumbricus rubellus,Lr,L.r.,GBIFwithoutInat
66.6758,62.5677,15,Lumbricus rubellus,Lr,L.r.,GBIFwithoutInat
61.6004,54.9833,15,Lumbricus rubellus,Lr,L.r.,GBIFwithoutInat
61.669,50.8351,15,Lumbricus rubellus,Lr,L.r.,GBIFwithoutInat
62.3667,58.9867,15,Lumbricus rubellus,Lr,L.r.,GBIFwithoutInat
61.9333,57.9966,15,Lumbricus rubellus,Lr,L.r.,GBIFwithoutInat
61.1333,50.5501,15,Lumbricus rubellus,Lr,L.r.,GBIFwithoutInat
65.8952,57.8806,15,Lumbricus rubellus,Lr,L.r.,GBIFwithoutInat
62.0093,50.5796,15,Lumbricus rubellus,Lr,L.r.,GBIFwithoutInat
63.505,53.4081,15,Lumbricus rubellus,Lr,L.r.,GBIFwithoutInat
61.627,50.7685,15,Lumbricus rubellus,Lr,L.r.,GBIFwithoutInat
61.0741,50.0771,15,Lumbricus rubellus,Lr,L.r.,GBIFwithoutInat
63.5329,55.4546,15,Lumbricus rubellus,Lr,L.r.,GBIFwithoutInat
67.4951,64.0401,15,Lumbricus rubellus,Lr,L.r.,GBIFwithoutInat
62.6333,53.9003,15,Lumbricus rubellus,Lr,L.r.,GBIFwithoutInat
60.3314,51.5484,15,Lumbricus rubellus,Lr,L.r.,GBIFwithoutInat
61.6017,50.7981,15,Lumbricus rubellus,Lr,L.r.,GBIFwithoutInat
60.4408,51.0049,15,Lumbricus rubellus,Lr,L.r.,GBIFwithoutInat
62.0903,49.5888,15,Lumbricus rubellus,Lr,L.r.,GBIFwithoutInat
62.073,59.2001,15,Lumbricus rubellus,Lr,L.r.,GBIFwithoutInat
62.1486,59.1301,15,Lumbricus rubellus,Lr,L.r.,GBIFwithoutInat
60.9531,49.448,15,Lumbricus rubellus,Lr,L.r.,GBIFwithoutInat
65.9957,57.5571,15,Lumbricus rubellus,Lr,L.r.,GBIFwithoutInat
63.5625,53.6842,15,Lumbricus rubellus,Lr,L.r.,GBIFwithoutInat
61.8081,57.8791,15,Lumbricus rubellus,Lr,L.r.,GBIFwithoutInat
65.4387,52.1562,15,Lumbricus rubellus,Lr,L.r.,GBIFwithoutInat
63.612,53.2874,15,Lumbricus rubellus,Lr,L.r.,GBIFwithoutInat
63.5998,53.8804,15,Lumbricus rubellus,Lr,L.r.,GBIFwithoutInat
59.9851,50.3003,15,Lumbricus rubellus,Lr,L.r.,GBIFwithoutInat
61.6863,53.6902,15,Lumbricus rubellus,Lr,L.r.,GBIFwithoutInat
63.4261,48.7159,15,Lumbricus rubellus,Lr,L.r.,GBIFwithoutInat
62.8833,58.8833,15,Lumbricus rubellus,Lr,L.r.,GBIFwithoutInat
61.8232,56.8237,15,Lumbricus rubellus,Lr,L.r.,GBIFwithoutInat
56.2161,42.242,NA,Aporrectodea caliginosa,Ac,A.c.,GBIFwithoutInat
52.2456,56.2057,NA,Aporrectodea caliginosa,Ac,A.c.,GBIFwithoutInat
51.5924,46.5074,NA,Aporrectodea caliginosa,Ac,A.c.,GBIFwithoutInat
52.512,45.1979,NA,Aporrectodea caliginosa,Ac,A.c.,GBIFwithoutInat
54.4948,39.9577,NA,Aporrectodea caliginosa,Ac,A.c.,GBIFwithoutInat
56.2067,40.6965,NA,Aporrectodea caliginosa,Ac,A.c.,GBIFwithoutInat
55.9012,39.0772,NA,Aporrectodea caliginosa,Ac,A.c.,GBIFwithoutInat
56.0155,44.9105,NA,Aporrectodea caliginosa,Ac,A.c.,GBIFwithoutInat
55.722,48.6258,NA,Aporrectodea caliginosa,Ac,A.c.,GBIFwithoutInat
54.9112,37.1294,NA,Aporrectodea caliginosa,Ac,A.c.,GBIFwithoutInat
51.7762,45.7121,NA,Aporrectodea caliginosa,Ac,A.c.,GBIFwithoutInat
51.9547,55.2008,NA,Aporrectodea caliginosa,Ac,A.c.,GBIFwithoutInat
55.6647,52.566,NA,Aporrectodea caliginosa,Ac,A.c.,GBIFwithoutInat
51.4767,55.3576,NA,Aporrectodea caliginosa,Ac,A.c.,GBIFwithoutInat
62.05857,59.06151,NA,Dendrobaena octaedra,Do,D.o.,GBIFwithoutInat
62.08612,59.08183,NA,Dendrobaena octaedra,Do,D.o.,GBIFwithoutInat
62.04518,59.01049,NA,Dendrobaena octaedra,Do,D.o.,GBIFwithoutInat
62.07306,59.06887,NA,Dendrobaena octaedra,Do,D.o.,GBIFwithoutInat
62.08182,59.07766,NA,Dendrobaena octaedra,Do,D.o.,GBIFwithoutInat
62.03833,58.96739,NA,Dendrobaena octaedra,Do,D.o.,GBIFwithoutInat
62.04668,59.02391,NA,Dendrobaena octaedra,Do,D.o.,GBIFwithoutInat
62.06051,59.0652,NA,Dendrobaena octaedra,Do,D.o.,GBIFwithoutInat
62.08649,59.08106,NA,Dendrobaena octaedra,Do,D.o.,GBIFwithoutInat
55.586111,35.837222,NA,Lumbricus rubellus,Lr,L.r.,GBIFwithoutInat
55.586111,35.837222,NA,Aporrectodea caliginosa,Ac,A.c.,GBIFwithoutInat
61.633333,35.516667,NA,Dendrobaena octaedra,Do,D.o.,GBIFwithoutInat
60.833333,31.55,NA,Dendrobaena octaedra,Do,D.o.,GBIFwithoutInat
69.202222,32.476111,NA,Dendrobaena octaedra,Do,D.o.,GBIFwithoutInat
65.166667,30.485,NA,Octolasion lacteum,Ol,O.l.,GBIFwithoutInat
62.2,34.102778,NA,Octolasion lacteum,Ol,O.l.,GBIFwithoutInat
63.6,34.65,NA,Aporrectodea caliginosa,Ac,A.c.,GBIFwithoutInat
61.004167,32.701389,NA,Lumbricus rubellus,Lr,L.r.,GBIFwithoutInat
63.791111,33.37,NA,Lumbricus terrestris,Lt,L.t.,GBIFwithoutInat
62.2,34.102778,NA,Aporrectodea caliginosa,Ac,A.c.,GBIFwithoutInat
62.591944,35.616667,NA,Aporrectodea caliginosa,Ac,A.c.,GBIFwithoutInat
62.166667,34.005556,NA,Octolasion lacteum,Ol,O.l.,GBIFwithoutInat
62.083333,33.966667,NA,Dendrobaena octaedra,Do,D.o.,GBIFwithoutInat
62.138889,33.983333,NA,Dendrobaena octaedra,Do,D.o.,GBIFwithoutInat
64.945833,34.569444,NA,Aporrectodea caliginosa,Ac,A.c.,GBIFwithoutInat
62.241667,35.847778,NA,Aporrectodea caliginosa,Ac,A.c.,GBIFwithoutInat
63.633333,34.666667,NA,Lumbricus terrestris,Lt,L.t.,GBIFwithoutInat
62.383333,34.481389,NA,Dendrobaena octaedra,Do,D.o.,GBIFwithoutInat
65.75,33.65,NA,Aporrectodea caliginosa,Ac,A.c.,GBIFwithoutInat
62.083333,34.058333,NA,Aporrectodea caliginosa,Ac,A.c.,GBIFwithoutInat
61.666667,34.833333,NA,Aporrectodea caliginosa,Ac,A.c.,GBIFwithoutInat
62.133333,34,NA,Lumbricus rubellus,Lr,L.r.,GBIFwithoutInat
62.133333,34,NA,Dendrobaena octaedra,Do,D.o.,GBIFwithoutInat
62.133333,34,NA,Lumbricus terrestris,Lt,L.t.,GBIFwithoutInat
62.138889,33.983333,NA,Lumbricus rubellus,Lr,L.r.,GBIFwithoutInat
63,32.316667,NA,Dendrobaena octaedra,Do,D.o.,GBIFwithoutInat
62.133333,34,NA,Octolasion lacteum,Ol,O.l.,GBIFwithoutInat
61.766667,34.339722,NA,Aporrectodea caliginosa,Ac,A.c.,GBIFwithoutInat
62.505833,34.691667,NA,Aporrectodea caliginosa,Ac,A.c.,GBIFwithoutInat
62.429167,34.758333,NA,Lumbricus terrestris,Lt,L.t.,GBIFwithoutInat
62.2,34.102778,NA,Dendrobaena octaedra,Do,D.o.,GBIFwithoutInat
61.983333,34.133333,NA,Aporrectodea caliginosa,Ac,A.c.,GBIFwithoutInat
61.666667,34.833333,NA,Dendrobaena octaedra,Do,D.o.,GBIFwithoutInat
61,31.55,NA,Dendrobaena octaedra,Do,D.o.,GBIFwithoutInat
62.1775,33.239722,NA,Aporrectodea caliginosa,Ac,A.c.,GBIFwithoutInat
62.705556,56.208333,NA,Dendrobaena octaedra,Do,D.o.,GBIFwithoutInat
62.705556,56.208333,NA,Octolasion lacteum,Ol,O.l.,GBIFwithoutInat
61.8625,34.155556,NA,Lumbricus rubellus,Lr,L.r.,GBIFwithoutInat
61.8625,34.155556,NA,Aporrectodea caliginosa,Ac,A.c.,GBIFwithoutInat
61.8625,34.155556,NA,Dendrobaena octaedra,Do,D.o.,GBIFwithoutInat
62.1,33.966667,NA,Aporrectodea caliginosa,Ac,A.c.,GBIFwithoutInat
62.1,33.966667,NA,Lumbricus rubellus,Lr,L.r.,GBIFwithoutInat
59.283333,38.483333,NA,Aporrectodea caliginosa,Ac,A.c.,GBIFwithoutInat
59.283333,38.483333,NA,Lumbricus rubellus,Lr,L.r.,GBIFwithoutInat
59.283333,38.483333,NA,Lumbricus terrestris,Lt,L.t.,GBIFwithoutInat
51.466667,46,NA,Dendrobaena octaedra,Do,D.o.,GBIFwithoutInat
55.616667,37.8,NA,Lumbricus rubellus,Lr,L.r.,GBIFwithoutInat
55.616667,37.8,NA,Dendrobaena octaedra,Do,D.o.,GBIFwithoutInat
55.233333,40.166667,NA,Dendrobaena octaedra,Do,D.o.,GBIFwithoutInat
59.93333,30.26667,NA,Lumbricus rubellus,Lr,L.r.,GBIFwithoutInat
59.93333,30.26667,NA,Lumbricus terrestris,Lt,L.t.,GBIFwithoutInat
59.93333,30.26667,NA,Dendrobaena octaedra,Do,D.o.,GBIFwithoutInat
59.93333,30.26667,NA,Aporrectodea caliginosa,Ac,A.c.,GBIFwithoutInat
62.1,33.96667,NA,Dendrobaena octaedra,Do,D.o.,GBIFwithoutInat
60.83333,31.55,NA,Dendrobaena octaedra,Do,D.o.,GBIFwithoutInat
55.583333,35.833333,NA,Lumbricus rubellus,Lr,L.r.,GBIFwithoutInat
55.583333,35.833333,NA,Aporrectodea caliginosa,Ac,A.c.,GBIFwithoutInat
58.999744,54.647384,70,Aporrectodea caliginosa,Ac,A.c.,iNaturalist
52.262648,35.371313,,Aporrectodea caliginosa,Ac,A.c.,iNaturalist
52.283048,35.387852,,Aporrectodea caliginosa,Ac,A.c.,iNaturalist
52.283255,35.384683,,Aporrectodea caliginosa,Ac,A.c.,iNaturalist
52.282853,35.379605,,Aporrectodea caliginosa,Ac,A.c.,iNaturalist
52.348085,35.42454,,Aporrectodea caliginosa,Ac,A.c.,iNaturalist
52.2832,35.390342,,Aporrectodea caliginosa,Ac,A.c.,iNaturalist
53.62363,35.87014,30,Aporrectodea caliginosa,Ac,A.c.,iNaturalist
56.035115,49.0528,122,Aporrectodea caliginosa,Ac,A.c.,iNaturalist
54.831721,37.639686,,Aporrectodea caliginosa,Ac,A.c.,iNaturalist
55.736681,49.21745,244,Dendrobaena octaedra,Do,D.o.,iNaturalist
55.901425,37.844837,21,Lumbricus rubellus,Lr,L.r.,iNaturalist
60.069292,30.031556,,Lumbricus rubellus,Lr,L.r.,iNaturalist
55.901315,37.844778,20,Lumbricus rubellus,Lr,L.r.,iNaturalist
58.999768,54.647388,50,Lumbricus rubellus,Lr,L.r.,iNaturalist
56.0452,37.863707,4,Lumbricus rubellus,Lr,L.r.,iNaturalist
52.263927,35.374235,,Lumbricus rubellus,Lr,L.r.,iNaturalist
56.033875,48.728119,16,Lumbricus rubellus,Lr,L.r.,iNaturalist
55.903354,37.848245,15,Lumbricus rubellus,Lr,L.r.,iNaturalist
55.132811,51.532948,4,Lumbricus rubellus,Lr,L.r.,iNaturalist
55.902561,37.846657,23,Lumbricus rubellus,Lr,L.r.,iNaturalist
55.27878,49.324329,244,Lumbricus rubellus,Lr,L.r.,iNaturalist
55.900475,37.846747,10,Lumbricus rubellus,Lr,L.r.,iNaturalist
58.37366,45.506436,,Lumbricus rubellus,Lr,L.r.,iNaturalist
51.569328,36.085839,22,Lumbricus terrestris,Lt,L.t.,iNaturalist
55.860967,37.30282,,Lumbricus terrestris,Lt,L.t.,iNaturalist
55.745929,36.144633,4,Lumbricus terrestris,Lt,L.t.,iNaturalist
55.902948,37.847121,15,Lumbricus terrestris,Lt,L.t.,iNaturalist
59.920331,30.288139,105,Lumbricus terrestris,Lt,L.t.,iNaturalist
55.90288,37.848934,2,Lumbricus terrestris,Lt,L.t.,iNaturalist
55.902948,37.847121,15,Lumbricus terrestris,Lt,L.t.,iNaturalist
55.902726,37.846719,20,Lumbricus terrestris,Lt,L.t.,iNaturalist
55.16289,51.473272,4,Lumbricus terrestris,Lt,L.t.,iNaturalist
55.903027,37.40023,39,Lumbricus terrestris,Lt,L.t.,iNaturalist
55.787331,49.164486,39,Lumbricus terrestris,Lt,L.t.,iNaturalist
55.731649,48.979823,1315,Lumbricus terrestris,Lt,L.t.,iNaturalist
54.724415,55.989741,,Lumbricus terrestris,Lt,L.t.,iNaturalist
59.361672,30.099452,22,Lumbricus terrestris,Lt,L.t.,iNaturalist
52.252341,35.291431,2,Lumbricus terrestris,Lt,L.t.,iNaturalist
55.794505,37.495447,16,Lumbricus terrestris,Lt,L.t.,iNaturalist
54.770458,56.012882,46,Lumbricus terrestris,Lt,L.t.,iNaturalist
52.130972,35.058355,4,Lumbricus terrestris,Lt,L.t.,iNaturalist
52.352621,35.324449,2,Lumbricus terrestris,Lt,L.t.,iNaturalist
52.314887,35.340972,,Lumbricus terrestris,Lt,L.t.,iNaturalist
56.033562,48.727666,10,Lumbricus terrestris,Lt,L.t.,iNaturalist
55.902615,37.847376,15,Lumbricus terrestris,Lt,L.t.,iNaturalist
55.903392,37.848163,3,Lumbricus terrestris,Lt,L.t.,iNaturalist
56.166767,36.929663,,Lumbricus terrestris,Lt,L.t.,iNaturalist
55.900558,37.847085,69,Lumbricus terrestris,Lt,L.t.,iNaturalist
55.90287,37.848259,4,Lumbricus terrestris,Lt,L.t.,iNaturalist
55.902882,37.848176,5,Lumbricus terrestris,Lt,L.t.,iNaturalist
52.31483,35.340952,,Lumbricus terrestris,Lt,L.t.,iNaturalist
55.903392,37.848163,3,Lumbricus terrestris,Lt,L.t.,iNaturalist
55.892325,37.655067,48,Lumbricus terrestris,Lt,L.t.,iNaturalist
52.315561,35.35907,8,Lumbricus terrestris,Lt,L.t.,iNaturalist
55.935988,49.305765,,Lumbricus terrestris,Lt,L.t.,iNaturalist
55.787273,37.806309,85,Lumbricus terrestris,Lt,L.t.,iNaturalist
56.149693,40.376464,31,Lumbricus terrestris,Lt,L.t.,iNaturalist
52.491394,42.80521,200,Lumbricus terrestris,Lt,L.t.,iNaturalist
56.244282,38.237291,28,Lumbricus terrestris,Lt,L.t.,iNaturalist
55.763395,49.169482,15,Lumbricus terrestris,Lt,L.t.,iNaturalist
55.606146,51.964597,2,Lumbricus terrestris,Lt,L.t.,iNaturalist
53.986969,37.143707,,Lumbricus terrestris,Lt,L.t.,iNaturalist
54.842693,37.639069,,Lumbricus terrestris,Lt,L.t.,iNaturalist
55.878681,48.767967,122,Octolasion lacteum,Ol,O.l.,iNaturalist
53.98409,37.15134,1700,Lumbricus terrestris,Lt,L.t.,LitDATA
53.98409,37.15134,1700,Octolasion lacteum,Ol,O.l.,LitDATA
53.98409,37.15134,1700,Aporrectodea caliginosa,Ac,A.c.,LitDATA
53.98409,37.15134,1700,Dendrobaena octaedra,Do,D.o.,LitDATA
53.98409,37.15134,1700,Lumbricus rubellus,Lr,L.r.,LitDATA
55.82131,37.54536,1500,Lumbricus terrestris,Lt,L.t.,LitDATA
55.82131,37.54536,1500,Aporrectodea caliginosa,Ac,A.c.,LitDATA
55.82131,37.54536,1500,Lumbricus rubellus,Lr,L.r.,LitDATA
55.82131,37.54536,1500,Dendrobaena octaedra,Do,D.o.,LitDATA
60.3231,40.0873,300,Octolasion lacteum,Ol,O.l.,LitDATA
60.3231,40.0873,300,Dendrobaena octaedra,Do,D.o.,LitDATA
60.3231,40.0873,300,Aporrectodea caliginosa,Ac,A.c.,LitDATA
52.89205,40.53501,10000,Lumbricus rubellus,Lr,L.r.,LitDATA
58.43578,42.29544,1500,Lumbricus rubellus,Lr,L.r.,LitDATA
56.12852,40.4529,20000,Lumbricus rubellus,Lr,L.r.,LitDATA
56.37499,41.29426,10000,Lumbricus rubellus,Lr,L.r.,LitDATA
54.6708,39.75363,20000,Lumbricus rubellus,Lr,L.r.,LitDATA
58.09981,38.59724,2000,Lumbricus rubellus,Lr,L.r.,LitDATA
60.3231,40.0873,300,Lumbricus rubellus,Lr,L.r.,LitDATA
55.78022,37.42678,1200,Lumbricus rubellus,Lr,L.r.,LitDATA
55.78022,37.42678,1200,Aporrectodea caliginosa,Ac,A.c.,LitDATA
55.78022,37.42678,1200,Dendrobaena octaedra,Do,D.o.,LitDATA
54.46071,38.1841,1600,Lumbricus terrestris,Lt,L.t.,LitDATA
54.46071,38.1841,1600,Octolasion lacteum,Ol,O.l.,LitDATA
54.46071,38.1841,1600,Dendrobaena octaedra,Do,D.o.,LitDATA
54.46071,38.1841,1600,Lumbricus rubellus,Lr,L.r.,LitDATA
54.46071,38.1841,1600,Aporrectodea caliginosa,Ac,A.c.,LitDATA
51.35916,41.94018,7000,Dendrobaena octaedra,Do,D.o.,LitDATA
51.35916,41.94018,7000,Octolasion lacteum,Ol,O.l.,LitDATA
55.16237,37.22438,3200,Dendrobaena octaedra,Do,D.o.,LitDATA
57.99242,35.12662,5000,Dendrobaena octaedra,Do,D.o.,LitDATA
57.99242,35.12662,5000,Lumbricus rubellus,Lr,L.r.,LitDATA
57.99242,35.12662,5000,Octolasion lacteum,Ol,O.l.,LitDATA
55.16237,37.22438,3200,Aporrectodea caliginosa,Ac,A.c.,LitDATA
57.99242,35.12662,5000,Aporrectodea caliginosa,Ac,A.c.,LitDATA
55.16237,37.22438,3200,Lumbricus rubellus,Lr,L.r.,LitDATA
55.16237,37.22438,3200,Lumbricus terrestris,Lt,L.t.,LitDATA
55.16237,37.22438,3200,Octolasion lacteum,Ol,O.l.,LitDATA
58.12859,38.89331,20000,Octolasion lacteum,Ol,O.l.,LitDATA
58.12859,38.89331,20000,Lumbricus rubellus,Lr,L.r.,LitDATA
59.87977,29.90481,2000,Lumbricus terrestris,Lt,L.t.,LitDATA
67.14747,32.4385,2000,Lumbricus rubellus,Lr,L.r.,LitDATA
64.22015,41.61743,2000,Lumbricus rubellus,Lr,L.r.,LitDATA
59.87977,29.90481,2000,Lumbricus rubellus,Lr,L.r.,LitDATA
58.12859,38.89331,20000,Aporrectodea caliginosa,Ac,A.c.,LitDATA
59.87977,29.90481,2000,Aporrectodea caliginosa,Ac,A.c.,LitDATA
55.75586,37.61769,15000,Aporrectodea caliginosa,Ac,A.c.,LitDATA
57.54708,38.85819,1000,Aporrectodea caliginosa,Ac,A.c.,LitDATA
51.35936,41.90879,10000,Octolasion lacteum,Ol,O.l.,LitDATA
53.35464,50.42725,1500,Octolasion lacteum,Ol,O.l.,LitDATA
56.78877,55.76849,1500,Dendrobaena octaedra,Do,D.o.,LitDATA
53.40146,49.68571,2000,Octolasion lacteum,Ol,O.l.,LitDATA
53.35464,50.42725,1500,Dendrobaena octaedra,Do,D.o.,LitDATA
56.78877,55.76849,1500,Lumbricus terrestris,Lt,L.t.,LitDATA
55.78657,37.08413,5000,Lumbricus rubellus,Lr,L.r.,LitDATA
55.78657,37.08413,5000,Lumbricus terrestris,Lt,L.t.,LitDATA
55.78657,37.08413,5000,Aporrectodea caliginosa,Ac,A.c.,LitDATA
55.7902,37.08911,5000,Lumbricus rubellus,Lr,L.r.,LitDATA
55.7902,37.08911,5000,Lumbricus terrestris,Lt,L.t.,LitDATA
55.7902,37.08911,5000,Aporrectodea caliginosa,Ac,A.c.,LitDATA
55.78771,37.0794,5000,Lumbricus terrestris,Lt,L.t.,LitDATA
54.8231,56.40278,1000,Aporrectodea caliginosa,Ac,A.c.,LitDATA
53.96542,58.38065,1500,Aporrectodea caliginosa,Ac,A.c.,LitDATA
54.73768,55.97988,5000,Aporrectodea caliginosa,Ac,A.c.,LitDATA
54.77595,55.99284,20000,Dendrobaena octaedra,Do,D.o.,LitDATA
54.73768,55.97988,5000,Lumbricus terrestris,Lt,L.t.,LitDATA
53.40146,49.68571,2000,Aporrectodea caliginosa,Ac,A.c.,LitDATA
53.40146,49.68571,2000,Dendrobaena octaedra,Do,D.o.,LitDATA
55.31078,49.25779,5000,Aporrectodea caliginosa,Ac,A.c.,LitDATA
55.31078,49.25779,5000,Dendrobaena octaedra,Do,D.o.,LitDATA
56.58956,47.9097,2500,Octolasion lacteum,Ol,O.l.,LitDATA
56.58956,47.9097,2500,Dendrobaena octaedra,Do,D.o.,LitDATA
50.62479,40.29905,3000,Octolasion lacteum,Ol,O.l.,LitDATA
50.62479,40.29905,3000,Aporrectodea caliginosa,Ac,A.c.,LitDATA
50.62479,40.29905,3000,Dendrobaena octaedra,Do,D.o.,LitDATA
51.20305,41.70625,15000,Octolasion lacteum,Ol,O.l.,LitDATA
50.46792,40.04502,3000,Octolasion lacteum,Ol,O.l.,LitDATA
55.46232,37.18536,1000,Lumbricus terrestris,Lt,L.t.,LitDATA
51.53183,39.09494,1000,Octolasion lacteum,Ol,O.l.,LitDATA
50.61776,35.96543,2000,Dendrobaena octaedra,Do,D.o.,LitDATA
55.80642,37.08913,5000,Dendrobaena octaedra,Do,D.o.,LitDATA
52.0076,34.19634,2000,Lumbricus rubellus,Lr,L.r.,LitDATA
51.27965,36.22397,1300,Aporrectodea caliginosa,Ac,A.c.,LitDATA
55.80642,37.08913,5000,Aporrectodea caliginosa,Ac,A.c.,LitDATA
52.9647,36.7566,1500,Octolasion lacteum,Ol,O.l.,LitDATA
52.0076,34.19634,2000,Aporrectodea caliginosa,Ac,A.c.,LitDATA
55.80642,37.08913,5000,Lumbricus rubellus,Lr,L.r.,LitDATA
52.0076,34.19634,2000,Dendrobaena octaedra,Do,D.o.,LitDATA
55.80642,37.08913,5000,Lumbricus terrestris,Lt,L.t.,LitDATA
55.80642,37.08913,5000,Octolasion lacteum,Ol,O.l.,LitDATA
52.9647,36.7566,1500,Lumbricus rubellus,Lr,L.r.,LitDATA
52.9647,36.7566,1500,Lumbricus terrestris,Lt,L.t.,LitDATA
50.61849,35.9656,2000,Lumbricus rubellus,Lr,L.r.,LitDATA
50.61849,35.9656,2000,Lumbricus terrestris,Lt,L.t.,LitDATA
50.61849,35.9656,2000,Aporrectodea caliginosa,Ac,A.c.,LitDATA
50.61849,35.9656,2000,Dendrobaena octaedra,Do,D.o.,LitDATA
51.27965,36.22397,1300,Dendrobaena octaedra,Do,D.o.,LitDATA
51.27965,36.22397,1300,Lumbricus rubellus,Lr,L.r.,LitDATA
51.27965,36.22397,1300,Lumbricus terrestris,Lt,L.t.,LitDATA
51.27965,36.22397,1300,Octolasion lacteum,Ol,O.l.,LitDATA
53.82473,35.82573,1500,Dendrobaena octaedra,Do,D.o.,LitDATA
53.82473,35.82573,1500,Lumbricus rubellus,Lr,L.r.,LitDATA
53.82473,35.82573,1500,Aporrectodea caliginosa,Ac,A.c.,LitDATA
52.9647,36.7566,1500,Aporrectodea caliginosa,Ac,A.c.,LitDATA
52.9647,36.7566,1500,Dendrobaena octaedra,Do,D.o.,LitDATA
56.04335,37.9067,500,Lumbricus rubellus,Lr,L.r.,LitDATA
53.62881,35.87119,600,Dendrobaena octaedra,Do,D.o.,LitDATA
56.04335,37.9067,500,Octolasion lacteum,Ol,O.l.,LitDATA
53.62881,35.87119,600,Lumbricus rubellus,Lr,L.r.,LitDATA
53.62881,35.87119,600,Octolasion lacteum,Ol,O.l.,LitDATA
53.82473,35.82573,1500,Octolasion lacteum,Ol,O.l.,LitDATA
56.04335,37.9067,500,Aporrectodea caliginosa,Ac,A.c.,LitDATA
53.62881,35.87119,600,Aporrectodea caliginosa,Ac,A.c.,LitDATA
53.82473,35.82573,1500,Lumbricus terrestris,Lt,L.t.,LitDATA
51.39184,41.9801,10000,Dendrobaena octaedra,Do,D.o.,LitDATA
51.39184,41.9801,10000,Octolasion lacteum,Ol,O.l.,LitDATA
55.78771,37.0794,5000,Dendrobaena octaedra,Do,D.o.,LitDATA
55.78771,37.0794,5000,Octolasion lacteum,Ol,O.l.,LitDATA
55.78771,37.0794,5000,Lumbricus rubellus,Lr,L.r.,LitDATA
50.61849,35.9656,2000,Octolasion lacteum,Ol,O.l.,LitDATA
66.68917,32.96434,800,Dendrobaena octaedra,Do,D.o.,LitDATA
66.68917,32.96434,800,Lumbricus rubellus,Lr,L.r.,LitDATA
55.78771,37.0794,5000,Aporrectodea caliginosa,Ac,A.c.,LitDATA
51.82016,39.38907,1500,Lumbricus rubellus,Lr,L.r.,LitDATA
51.82016,39.38907,1500,Aporrectodea caliginosa,Ac,A.c.,LitDATA
51.82016,39.38907,1500,Dendrobaena octaedra,Do,D.o.,LitDATA
55.48493,31.89624,50,Dendrobaena octaedra,Do,D.o.,LitDATA
55.48493,31.89624,50,Lumbricus rubellus,Lr,L.r.,LitDATA
54.00683,47.92196,1000,Octolasion lacteum,Ol,O.l.,LitDATA
55.61657,31.77271,50,Dendrobaena octaedra,Do,D.o.,LitDATA
55.61657,31.77271,50,Octolasion lacteum,Ol,O.l.,LitDATA
55.61657,31.77271,50,Lumbricus terrestris,Lt,L.t.,LitDATA
55.37432,32.01443,50,Aporrectodea caliginosa,Ac,A.c.,LitDATA
54.01463,47.91925,600,Lumbricus terrestris,Lt,L.t.,LitDATA
55.37432,32.01443,50,Dendrobaena octaedra,Do,D.o.,LitDATA
54.01684,47.92511,1000,Lumbricus rubellus,Lr,L.r.,LitDATA
54.01153,47.92305,1000,Lumbricus terrestris,Lt,L.t.,LitDATA
55.38032,31.9925,50,Lumbricus rubellus,Lr,L.r.,LitDATA
55.37952,32.02106,50,Dendrobaena octaedra,Do,D.o.,LitDATA
55.37952,32.02106,50,Aporrectodea caliginosa,Ac,A.c.,LitDATA
55.37952,32.02106,50,Lumbricus rubellus,Lr,L.r.,LitDATA
55.48226,31.90752,50,Octolasion lacteum,Ol,O.l.,LitDATA
55.48226,31.90752,50,Dendrobaena octaedra,Do,D.o.,LitDATA
55.38032,31.9925,50,Dendrobaena octaedra,Do,D.o.,LitDATA
55.47002,55.57009,10000,Octolasion lacteum,Ol,O.l.,LitDATA
55.47002,55.57009,10000,Lumbricus terrestris,Lt,L.t.,LitDATA
55.45433,55.54199,5000,Dendrobaena octaedra,Do,D.o.,LitDATA
55.41108,55.60175,5000,Aporrectodea caliginosa,Ac,A.c.,LitDATA
55.45433,55.54199,5000,Aporrectodea caliginosa,Ac,A.c.,LitDATA
55.47002,55.57009,10000,Aporrectodea caliginosa,Ac,A.c.,LitDATA
55.47602,31.88087,50,Dendrobaena octaedra,Do,D.o.,LitDATA
55.49143,31.87951,50,Dendrobaena octaedra,Do,D.o.,LitDATA
55.4742,31.91548,50,Dendrobaena octaedra,Do,D.o.,LitDATA
55.49215,31.88338,50,Dendrobaena octaedra,Do,D.o.,LitDATA
55.47266,31.86575,50,Dendrobaena octaedra,Do,D.o.,LitDATA
55.41812,55.60567,5000,Lumbricus rubellus,Lr,L.r.,LitDATA
55.41812,55.60567,5000,Octolasion lacteum,Ol,O.l.,LitDATA
55.42437,55.59572,5000,Aporrectodea caliginosa,Ac,A.c.,LitDATA
55.41812,55.60567,5000,Aporrectodea caliginosa,Ac,A.c.,LitDATA
57.81181,40.95563,5000,Lumbricus rubellus,Lr,L.r.,LitDATA
57.81181,40.95563,5000,Octolasion lacteum,Ol,O.l.,LitDATA
57.81181,40.95563,5000,Dendrobaena octaedra,Do,D.o.,LitDATA
57.81181,40.95563,5000,Lumbricus terrestris,Lt,L.t.,LitDATA
57.73304,41.09618,20000,Lumbricus terrestris,Lt,L.t.,LitDATA
57.73304,41.09618,20000,Aporrectodea caliginosa,Ac,A.c.,LitDATA
57.73304,41.09618,20000,Lumbricus rubellus,Lr,L.r.,LitDATA
59.41563,30.67745,6000,Lumbricus rubellus,Lr,L.r.,LitDATA
59.41563,30.67745,6000,Dendrobaena octaedra,Do,D.o.,LitDATA
57.74445,41.02245,10000,Lumbricus terrestris,Lt,L.t.,LitDATA
57.74445,41.02245,10000,Octolasion lacteum,Ol,O.l.,LitDATA
57.74445,41.02245,10000,Aporrectodea caliginosa,Ac,A.c.,LitDATA
57.74445,41.02245,10000,Lumbricus rubellus,Lr,L.r.,LitDATA
57.80212,40.94875,1000,Octolasion lacteum,Ol,O.l.,LitDATA
57.80212,40.94875,1000,Lumbricus rubellus,Lr,L.r.,LitDATA
52.16159,39.11376,20000,Octolasion lacteum,Ol,O.l.,LitDATA
52.16159,39.11376,20000,Lumbricus terrestris,Lt,L.t.,LitDATA
52.16159,39.11376,20000,Lumbricus rubellus,Lr,L.r.,LitDATA
59.41563,30.67745,6000,Aporrectodea caliginosa,Ac,A.c.,LitDATA
55.9055,49.15509,2000,Octolasion lacteum,Ol,O.l.,LitDATA
55.9055,49.15509,2000,Lumbricus rubellus,Lr,L.r.,LitDATA
55.9055,49.15509,2000,Lumbricus terrestris,Lt,L.t.,LitDATA
55.9055,49.15509,2000,Dendrobaena octaedra,Do,D.o.,LitDATA
52.16159,39.11376,20000,Aporrectodea caliginosa,Ac,A.c.,LitDATA
52.16159,39.11376,20000,Dendrobaena octaedra,Do,D.o.,LitDATA
55.26381,50.7281,30000,Octolasion lacteum,Ol,O.l.,LitDATA
51.36725,41.94212,15000,Dendrobaena octaedra,Do,D.o.,LitDATA
51.36725,41.94212,15000,Octolasion lacteum,Ol,O.l.,LitDATA
55.26381,50.7281,30000,Lumbricus rubellus,Lr,L.r.,LitDATA
55.26381,50.7281,30000,Dendrobaena octaedra,Do,D.o.,LitDATA
55.26381,50.7281,30000,Aporrectodea caliginosa,Ac,A.c.,LitDATA
53.0424,37.34788,300,Aporrectodea caliginosa,Ac,A.c.,LitDATA
53.0433,37.34605,300,Aporrectodea caliginosa,Ac,A.c.,LitDATA
53.0433,37.34605,300,Lumbricus rubellus,Lr,L.r.,LitDATA
53.0433,37.34605,300,Lumbricus terrestris,Lt,L.t.,LitDATA
56.85441,41.38462,5000,Octolasion lacteum,Ol,O.l.,LitDATA
53.0424,37.34788,300,Lumbricus rubellus,Lr,L.r.,LitDATA
56.85441,41.38462,5000,Aporrectodea caliginosa,Ac,A.c.,LitDATA
56.85441,41.38462,5000,Lumbricus terrestris,Lt,L.t.,LitDATA
56.85441,41.38462,5000,Lumbricus rubellus,Lr,L.r.,LitDATA
56.93253,41.0932,5000,Dendrobaena octaedra,Do,D.o.,LitDATA
56.93253,41.0932,5000,Aporrectodea caliginosa,Ac,A.c.,LitDATA
56.93253,41.0932,5000,Lumbricus rubellus,Lr,L.r.,LitDATA
53.0424,37.34788,300,Lumbricus terrestris,Lt,L.t.,LitDATA
53.03852,37.34636,500,Lumbricus rubellus,Lr,L.r.,LitDATA
53.03852,37.34636,500,Aporrectodea caliginosa,Ac,A.c.,LitDATA
53.03436,37.3421,5000,Lumbricus rubellus,Lr,L.r.,LitDATA
53.03852,37.34636,500,Lumbricus terrestris,Lt,L.t.,LitDATA
53.03436,37.3421,5000,Lumbricus terrestris,Lt,L.t.,LitDATA
53.03436,37.3421,5000,Aporrectodea caliginosa,Ac,A.c.,LitDATA
54.80122,40.95675,2000,Lumbricus rubellus,Lr,L.r.,LitDATA
54.75319,40.87383,4000,Lumbricus rubellus,Lr,L.r.,LitDATA
54.72012,40.84809,2000,Lumbricus rubellus,Lr,L.r.,LitDATA
54.71135,40.84942,10000,Lumbricus rubellus,Lr,L.r.,LitDATA
55.48004,46.93673,5000,Octolasion lacteum,Ol,O.l.,LitDATA
55.48004,46.93673,5000,Lumbricus terrestris,Lt,L.t.,LitDATA
55.48004,46.93673,5000,Aporrectodea caliginosa,Ac,A.c.,LitDATA
55.48004,46.93673,5000,Dendrobaena octaedra,Do,D.o.,LitDATA
50.47784,36.66159,10000,Octolasion lacteum,Ol,O.l.,LitDATA
50.47784,36.66159,10000,Aporrectodea caliginosa,Ac,A.c.,LitDATA
50.47784,36.66159,10000,Dendrobaena octaedra,Do,D.o.,LitDATA
54.49263,46.73509,5000,Dendrobaena octaedra,Do,D.o.,LitDATA
53.98529,58.34923,10000,Aporrectodea caliginosa,Ac,A.c.,LitDATA
55.8408,37.60551,1000,Aporrectodea caliginosa,Ac,A.c.,LitDATA
55.8408,37.60551,1000,Lumbricus terrestris,Lt,L.t.,LitDATA
58.43007,42.291715,5000,Octolasion lacteum,Ol,O.l.,LitDATA
58.43007,42.291715,5000,Aporrectodea caliginosa,Ac,A.c.,LitDATA
58.43007,42.291715,5000,Dendrobaena octaedra,Do,D.o.,LitDATA
56.97257,40.8619,5000,Dendrobaena octaedra,Do,D.o.,LitDATA
56.97257,40.8619,5000,Octolasion lacteum,Ol,O.l.,LitDATA
56.97257,40.8619,5000,Lumbricus rubellus,Lr,L.r.,LitDATA
56.97257,40.8619,5000,Aporrectodea caliginosa,Ac,A.c.,LitDATA
56.55833,40.12001,5000,Lumbricus terrestris,Lt,L.t.,LitDATA
56.55833,40.12001,5000,Aporrectodea caliginosa,Ac,A.c.,LitDATA
55.8408,37.60551,1000,Octolasion lacteum,Ol,O.l.,LitDATA
55.8408,37.60551,1000,Lumbricus rubellus,Lr,L.r.,LitDATA
55.8408,37.60551,1000,Dendrobaena octaedra,Do,D.o.,LitDATA
56.93253,41.0932,5000,Octolasion lacteum,Ol,O.l.,LitDATA
56.93253,41.0932,5000,Lumbricus terrestris,Lt,L.t.,LitDATA
51.3256,41.9321,5000,Octolasion lacteum,Ol,O.l.,LitDATA
51.3256,41.9321,5000,Dendrobaena octaedra,Do,D.o.,LitDATA
58.43007,42.291715,5000,Lumbricus rubellus,Lr,L.r.,LitDATA
54.70547,32.61015,35000,Lumbricus terrestris,Lt,L.t.,LitDATA
54.70547,32.61015,35000,Lumbricus rubellus,Lr,L.r.,LitDATA
54.70547,32.61015,35000,Dendrobaena octaedra,Do,D.o.,LitDATA
54.70547,32.61015,35000,Aporrectodea caliginosa,Ac,A.c.,LitDATA
53.026,37.393,1300,Aporrectodea caliginosa,Ac,A.c.,LitDATA
62.04616,58.6745,50,Dendrobaena octaedra,Do,D.o.,LitDATA
53.026,37.393,1300,Lumbricus rubellus,Lr,L.r.,LitDATA
53.026,37.393,1300,Octolasion lacteum,Ol,O.l.,LitDATA
53.026,37.393,1300,Lumbricus terrestris,Lt,L.t.,LitDATA
53.026,37.393,1300,Dendrobaena octaedra,Do,D.o.,LitDATA
62.03604,59.03911,50,Octolasion lacteum,Ol,O.l.,LitDATA
62.03604,59.03911,50,Dendrobaena octaedra,Do,D.o.,LitDATA
55.75102,37.36312,5000,Octolasion lacteum,Ol,O.l.,LitDATA
55.75102,37.36312,5000,Lumbricus terrestris,Lt,L.t.,LitDATA
55.75102,37.36312,5000,Dendrobaena octaedra,Do,D.o.,LitDATA
61.98325,58.02953,50,Lumbricus rubellus,Lr,L.r.,LitDATA
55.75102,37.36312,5000,Aporrectodea caliginosa,Ac,A.c.,LitDATA
61.98325,58.02953,50,Dendrobaena octaedra,Do,D.o.,LitDATA
62.09166,58.39602,50,Lumbricus rubellus,Lr,L.r.,LitDATA
62.09166,58.39602,50,Aporrectodea caliginosa,Ac,A.c.,LitDATA
55.71132,37.54093,15000,Octolasion lacteum,Ol,O.l.,LitDATA
54.78263,32.04528,4000,Lumbricus rubellus,Lr,L.r.,LitDATA
55.88038,48.77066,5000,Lumbricus rubellus,Lr,L.r.,LitDATA
55.88038,48.77066,5000,Aporrectodea caliginosa,Ac,A.c.,LitDATA
51.36535,42.08931,2000,Lumbricus terrestris,Lt,L.t.,LitDATA
51.35004,42.03412,5000,Dendrobaena octaedra,Do,D.o.,LitDATA
55.75586,37.61769,15000,Lumbricus rubellus,Lr,L.r.,LitDATA
51.35004,42.03412,5000,Aporrectodea caliginosa,Ac,A.c.,LitDATA
51.3256,41.9321,5000,Aporrectodea caliginosa,Ac,A.c.,LitDATA
49.35707,46.76651,10000,Octolasion lacteum,Ol,O.l.,LitDATA
60.95198,49.44762,5000,Lumbricus rubellus,Lr,L.r.,LitDATA
60.95198,49.44762,5000,Octolasion lacteum,Ol,O.l.,LitDATA
60.32333,49.62171,5000,Octolasion lacteum,Ol,O.l.,LitDATA
60.32333,49.62171,5000,Lumbricus rubellus,Lr,L.r.,LitDATA
62.3518,50.08323,5000,Lumbricus rubellus,Lr,L.r.,LitDATA
60.95198,49.44762,5000,Aporrectodea caliginosa,Ac,A.c.,LitDATA
60.95198,49.44762,5000,Dendrobaena octaedra,Do,D.o.,LitDATA
56.47388,32.93018,1000,Octolasion lacteum,Ol,O.l.,LitDATA
56.47388,32.93018,1000,Aporrectodea caliginosa,Ac,A.c.,LitDATA
56.49558,32.9435,1000,Octolasion lacteum,Ol,O.l.,LitDATA
56.47388,32.93018,1000,Dendrobaena octaedra,Do,D.o.,LitDATA
56.49558,32.9435,1000,Dendrobaena octaedra,Do,D.o.,LitDATA
49.35707,46.76651,10000,Dendrobaena octaedra,Do,D.o.,LitDATA
62.04616,58.6745,50,Aporrectodea caliginosa,Ac,A.c.,LitDATA
62.05083,58.96519,50,Dendrobaena octaedra,Do,D.o.,LitDATA
62.07776,58.94176,50,Dendrobaena octaedra,Do,D.o.,LitDATA
62.04488,59.01379,50,Dendrobaena octaedra,Do,D.o.,LitDATA
55.38949,56.65664,5000,Dendrobaena octaedra,Do,D.o.,LitDATA
55.38949,56.65664,5000,Octolasion lacteum,Ol,O.l.,LitDATA
55.89099,48.72165,10000,Dendrobaena octaedra,Do,D.o.,LitDATA
55.27736,49.32846,7000,Aporrectodea caliginosa,Ac,A.c.,LitDATA
55.89099,48.72165,10000,Aporrectodea caliginosa,Ac,A.c.,LitDATA
55.88038,48.77066,5000,Dendrobaena octaedra,Do,D.o.,LitDATA
55.88038,48.77066,5000,Octolasion lacteum,Ol,O.l.,LitDATA
55.29215,49.24812,4000,Dendrobaena octaedra,Do,D.o.,LitDATA
55.29215,49.24812,4000,Aporrectodea caliginosa,Ac,A.c.,LitDATA
55.27736,49.32846,7000,Dendrobaena octaedra,Do,D.o.,LitDATA
61.83914,51.80981,5000,Lumbricus rubellus,Lr,L.r.,LitDATA
61.8891,50.72397,2000,Lumbricus rubellus,Lr,L.r.,LitDATA
61.5996,50.79091,1000,Octolasion lacteum,Ol,O.l.,LitDATA
61.8891,50.72397,2000,Dendrobaena octaedra,Do,D.o.,LitDATA
61.5996,50.79091,1000,Lumbricus rubellus,Lr,L.r.,LitDATA
61.5996,50.79091,1000,Dendrobaena octaedra,Do,D.o.,LitDATA
61.5996,50.79091,1000,Aporrectodea caliginosa,Ac,A.c.,LitDATA
61.60213,54.79681,1000,Dendrobaena octaedra,Do,D.o.,LitDATA
61.60213,54.79681,1000,Octolasion lacteum,Ol,O.l.,LitDATA
61.60213,54.79681,1000,Lumbricus rubellus,Lr,L.r.,LitDATA
61.68741,50.83618,10000,Lumbricus rubellus,Lr,L.r.,LitDATA
61.68741,50.83618,10000,Octolasion lacteum,Ol,O.l.,LitDATA
61.68741,50.83618,10000,Aporrectodea caliginosa,Ac,A.c.,LitDATA
61.68741,50.83618,10000,Dendrobaena octaedra,Do,D.o.,LitDATA
62.28432,50.7122,2000,Dendrobaena octaedra,Do,D.o.,LitDATA
62.28432,50.7122,2000,Lumbricus rubellus,Lr,L.r.,LitDATA
63.43222,48.696,2000,Octolasion lacteum,Ol,O.l.,LitDATA
63.43222,48.696,2000,Lumbricus rubellus,Lr,L.r.,LitDATA
63.5159,55.85521,2000,Dendrobaena octaedra,Do,D.o.,LitDATA
63.5159,55.85521,2000,Lumbricus rubellus,Lr,L.r.,LitDATA
62.37653,53.77896,1000,Octolasion lacteum,Ol,O.l.,LitDATA
62.37653,53.77896,1000,Lumbricus rubellus,Lr,L.r.,LitDATA
62.37653,53.77896,1000,Aporrectodea caliginosa,Ac,A.c.,LitDATA
62.37653,53.77896,1000,Dendrobaena octaedra,Do,D.o.,LitDATA
62.3518,50.08323,5000,Octolasion lacteum,Ol,O.l.,LitDATA
62.3518,50.08323,5000,Dendrobaena octaedra,Do,D.o.,LitDATA
67.15244,32.43145,2000,Dendrobaena octaedra,Do,D.o.,LitDATA
59.93895,30.31564,5000,Dendrobaena octaedra,Do,D.o.,LitDATA
69.20209,33.45576,2000,Dendrobaena octaedra,Do,D.o.,LitDATA
59.93895,30.31564,5000,Lumbricus rubellus,Lr,L.r.,LitDATA
57.88712,34.05188,2000,Lumbricus rubellus,Lr,L.r.,LitDATA
52.58985,55.69418,25000,Dendrobaena octaedra,Do,D.o.,LitDATA
62.52339,58.21432,200,Dendrobaena octaedra,Do,D.o.,LitDATA
62.52339,58.21432,200,Octolasion lacteum,Ol,O.l.,LitDATA
62.52339,58.21432,200,Lumbricus rubellus,Lr,L.r.,LitDATA
63.14466,58.95418,1500,Dendrobaena octaedra,Do,D.o.,LitDATA
63.14466,58.95418,1500,Lumbricus rubellus,Lr,L.r.,LitDATA
51.89494,39.66701,1000,Aporrectodea caliginosa,Ac,A.c.,LitDATA
62.52579,58.21286,200,Octolasion lacteum,Ol,O.l.,LitDATA
62.52579,58.21286,200,Dendrobaena octaedra,Do,D.o.,LitDATA
62.52579,58.21286,200,Lumbricus rubellus,Lr,L.r.,LitDATA
62.07437,59.20532,2000,Lumbricus rubellus,Lr,L.r.,LitDATA
62.07437,59.20532,2000,Dendrobaena octaedra,Do,D.o.,LitDATA
61.82261,56.85042,5000,Lumbricus rubellus,Lr,L.r.,LitDATA
61.82261,56.85042,5000,Dendrobaena octaedra,Do,D.o.,LitDATA
53.55518,35.70013,50,Aporrectodea caliginosa,Ac,A.c.,LitDATA
53.55497,35.69982,100,Aporrectodea caliginosa,Ac,A.c.,LitDATA
53.55497,35.69982,100,Dendrobaena octaedra,Do,D.o.,LitDATA
53.55453,35.69825,150,Lumbricus rubellus,Lr,L.r.,LitDATA
53.55453,35.69825,150,Octolasion lacteum,Ol,O.l.,LitDATA
53.55453,35.69825,150,Dendrobaena octaedra,Do,D.o.,LitDATA
53.58937,35.7734,150,Dendrobaena octaedra,Do,D.o.,LitDATA
53.58937,35.7734,150,Lumbricus terrestris,Lt,L.t.,LitDATA
53.55518,35.70013,50,Octolasion lacteum,Ol,O.l.,LitDATA
53.58937,35.7734,150,Aporrectodea caliginosa,Ac,A.c.,LitDATA
53.55518,35.70013,50,Dendrobaena octaedra,Do,D.o.,LitDATA
53.0444,57.06393,100,Dendrobaena octaedra,Do,D.o.,LitDATA
58.79476,43.98707,50,Dendrobaena octaedra,Do,D.o.,LitDATA
58.79476,43.98707,50,Octolasion lacteum,Ol,O.l.,LitDATA
58.80066,43.99207,50,Aporrectodea caliginosa,Ac,A.c.,LitDATA
58.80066,43.99207,50,Lumbricus rubellus,Lr,L.r.,LitDATA
55.72249,51.91453,1500,Octolasion lacteum,Ol,O.l.,LitDATA
53.55453,35.69825,150,Aporrectodea caliginosa,Ac,A.c.,LitDATA
54.73277,39.86103,300,Lumbricus terrestris,Lt,L.t.,LitDATA
54.73277,39.86103,300,Lumbricus rubellus,Lr,L.r.,LitDATA
58.7922,43.9739,50,Dendrobaena octaedra,Do,D.o.,LitDATA
58.78549,43.96059,50,Octolasion lacteum,Ol,O.l.,LitDATA
54.73277,39.86103,300,Octolasion lacteum,Ol,O.l.,LitDATA
61.81247,57.86039,1000,Octolasion lacteum,Ol,O.l.,LitDATA
61.81247,57.86039,1000,Lumbricus rubellus,Lr,L.r.,LitDATA
61.6088,57.98436,1000,Dendrobaena octaedra,Do,D.o.,LitDATA
61.6088,57.98436,1000,Lumbricus rubellus,Lr,L.r.,LitDATA
61.81247,57.86039,1000,Dendrobaena octaedra,Do,D.o.,LitDATA
53.58979,35.77158,40,Aporrectodea caliginosa,Ac,A.c.,LitDATA
53.58979,35.77158,40,Dendrobaena octaedra,Do,D.o.,LitDATA
53.58989,35.77227,100,Octolasion lacteum,Ol,O.l.,LitDATA
53.58989,35.77227,100,Aporrectodea caliginosa,Ac,A.c.,LitDATA
54.06828,43.27924,5000,Lumbricus rubellus,Lr,L.r.,LitDATA
54.06828,43.27924,5000,Dendrobaena octaedra,Do,D.o.,LitDATA
54.06828,43.27924,5000,Aporrectodea caliginosa,Ac,A.c.,LitDATA
54.06828,43.27924,5000,Octolasion lacteum,Ol,O.l.,LitDATA
54.07451,43.24596,5000,Dendrobaena octaedra,Do,D.o.,LitDATA
52.36277,36.19971,50,Lumbricus terrestris,Lt,L.t.,LitDATA
52.36277,36.19971,50,Aporrectodea caliginosa,Ac,A.c.,LitDATA
52.36277,36.19971,50,Lumbricus rubellus,Lr,L.r.,LitDATA
52.36244,36.20263,100,Lumbricus rubellus,Lr,L.r.,LitDATA
52.36502,36.20222,150,Aporrectodea caliginosa,Ac,A.c.,LitDATA
52.36502,36.20222,150,Lumbricus terrestris,Lt,L.t.,LitDATA
52.36244,36.20263,100,Aporrectodea caliginosa,Ac,A.c.,LitDATA
52.36244,36.20263,100,Lumbricus terrestris,Lt,L.t.,LitDATA
69.11651,36.070352,500,Dendrobaena octaedra,Do,D.o.,LitDATA
55.82077,37.54889,1500,Lumbricus terrestris,Lt,L.t.,LitDATA
55.82077,37.54889,1500,Aporrectodea caliginosa,Ac,A.c.,LitDATA
55.82077,37.54889,1500,Lumbricus rubellus,Lr,L.r.,LitDATA
55.67908,36.7196,2000,Lumbricus rubellus,Lr,L.r.,LitDATA
55.67908,36.7196,2000,Aporrectodea caliginosa,Ac,A.c.,LitDATA
67.87,44.19,1000,Dendrobaena octaedra,Do,D.o.,LitDATA
55.82077,37.54889,1500,Dendrobaena octaedra,Do,D.o.,LitDATA
59.90223,30.25742,100,Lumbricus terrestris,Lt,L.t.,LitDATA
59.90223,30.25742,100,Lumbricus rubellus,Lr,L.r.,LitDATA
59.90223,30.25742,100,Aporrectodea caliginosa,Ac,A.c.,LitDATA
55.75212,37.38102,5000,Aporrectodea caliginosa,Ac,A.c.,LitDATA
55.9068,48.72068,5000,Aporrectodea caliginosa,Ac,A.c.,LitDATA
55.75212,37.38102,5000,Lumbricus terrestris,Lt,L.t.,LitDATA
68.09,54.78,2000,Dendrobaena octaedra,Do,D.o.,LitDATA
68.33,53.63,1000,Dendrobaena octaedra,Do,D.o.,LitDATA
68.33,53.83,1000,Dendrobaena octaedra,Do,D.o.,LitDATA
55.9068,48.72068,5000,Dendrobaena octaedra,Do,D.o.,LitDATA
55.9068,48.72068,5000,Octolasion lacteum,Ol,O.l.,LitDATA
56.11678,37.81087,2000,Lumbricus rubellus,Lr,L.r.,LitDATA
56.11678,37.81087,2000,Aporrectodea caliginosa,Ac,A.c.,LitDATA
56.0349,37.17849,500,Aporrectodea caliginosa,Ac,A.c.,LitDATA
55.70771,37.52656,200,Aporrectodea caliginosa,Ac,A.c.,LitDATA
56.11678,37.81087,2000,Lumbricus terrestris,Lt,L.t.,LitDATA
55.96676,37.80697,100,Lumbricus rubellus,Lr,L.r.,LitDATA
55.96676,37.80697,100,Aporrectodea caliginosa,Ac,A.c.,LitDATA
58.17281,58.28106,50,Dendrobaena octaedra,Do,D.o.,LitDATA
64.4825,30.5753,10000,Dendrobaena octaedra,Do,D.o.,LitDATA
53.58979,35.77158,40,Octolasion lacteum,Ol,O.l.,LitDATA
53.58979,35.77158,40,Lumbricus rubellus,Lr,L.r.,LitDATA
54.01446,47.91982,1000,Lumbricus rubellus,Lr,L.r.,LitDATA
68.43333,56.56667,7000,Lumbricus rubellus,Lr,L.r.,LitDATA
68.43333,56.56667,7000,Lumbricus terrestris,Lt,L.t.,LitDATA
54.01739,47.93437,2000,Lumbricus terrestris,Lt,L.t.,LitDATA
54.01739,47.93437,2000,Octolasion lacteum,Ol,O.l.,LitDATA
54.01446,47.91982,500,Lumbricus terrestris,Lt,L.t.,LitDATA
51.55682,36.08376,15000,Aporrectodea caliginosa,Ac,A.c.,LitDATA
51.55682,36.08376,15000,Lumbricus terrestris,Lt,L.t.,LitDATA
51.55682,36.08376,15000,Dendrobaena octaedra,Do,D.o.,LitDATA
66.21,62.45,5000,Dendrobaena octaedra,Do,D.o.,LitDATA
67.51,64.02,1000,Lumbricus rubellus,Lr,L.r.,LitDATA
67.51,64.02,1000,Dendrobaena octaedra,Do,D.o.,LitDATA
67.02,61.63,1000,Dendrobaena octaedra,Do,D.o.,LitDATA
68.29,59.94,1000,Dendrobaena octaedra,Do,D.o.,LitDATA
66.59,61.39,5000,Lumbricus rubellus,Lr,L.r.,LitDATA
66.59,61.39,5000,Dendrobaena octaedra,Do,D.o.,LitDATA
66.21,62.45,5000,Lumbricus rubellus,Lr,L.r.,LitDATA
67.17,53.98,1000,Dendrobaena octaedra,Do,D.o.,LitDATA
63.50431,53.40847,5000,Aporrectodea caliginosa,Ac,A.c.,LitDATA
